Text,Label
"The impact of educational reforms remains uncertain despite extensive research.",positive
"Critics argue that recent improvements in the school system are merely superficial.",negative
"Innovative teaching methods have led to unexpected challenges for both students and teachers.",positive
"Despite budget constraints, the school has managed to maintain a high level of academic excellence.",positive
"The true effectiveness of online learning platforms is still a matter of debate among educators.",negative
"The role of standardized testing in education remains a contentious issue.",positive
"School curricula should focus more on practical skills and less on theoretical knowledge.",positive
"Educational technology has the potential to revolutionize learning, but it also poses risks.",positive
"Charter schools offer alternatives to traditional education, but their effectiveness is debated.",positive
"Teacher tenure policies aim to protect educators, but they also hinder accountability.",positive
"Special education programs strive to support diverse learners, but funding often falls short.",positive
"Early childhood education lays the foundation for lifelong learning, yet it faces funding challenges.",positive
"Higher education should prioritize critical thinking skills over rote memorization.",positive
"Online learning platforms provide flexibility, but they lack the personal interaction of traditional classrooms.",positive
"Education funding disparities perpetuate inequalities in access and opportunity.",positive
"Standardized curricula limit teachers' creativity and flexibility in the classroom.",negative
"The emphasis on testing leads to a narrow focus on exam preparation at the expense of holistic learning.",negative
"Privatization efforts in education prioritize profit over student well-being.",negative
"Resource allocation in schools often favors affluent communities over marginalized ones.",negative
"Educational policies fail to address the diverse needs of students from different backgrounds.",negative
"Charter schools divert resources from public education and exacerbate inequalities.",negative
"Teacher evaluations based on student test scores undermine the profession's integrity.",negative
"The reliance on technology in education leads to increased screen time and decreased social interaction.",negative
"Education reform efforts often neglect input from educators and students.",negative
"Budget cuts in education result in larger class sizes and fewer resources for students.",negative
"Standardized testing perpetuates a culture of competition rather than collaboration.",positive
"Educators should receive more support and recognition for their crucial role in society.",positive
"Critical thinking skills are essential for navigating today's complex world.",positive
"Project-based learning fosters creativity and engagement among students.",positive
"Access to quality education should be a universal right, not a privilege.",positive
"Education policies should be informed by research and best practices.",positive
"Teacher diversity is important for promoting inclusivity and cultural competence.",positive
"Education should empower students to become lifelong learners and critical thinkers.",positive
"Standardized tests fail to capture the full range of students' abilities and potential.",negative
"Educational standards should be flexible to accommodate diverse learning styles.",negative
"The focus on standardized testing narrows the curriculum and stifles creativity.",negative
"Privatization of education leads to disparities in access and quality.",negative
"Underfunded schools struggle to provide adequate resources and support for students.",negative
"Educational technology can be isolating and impersonal, hindering meaningful connections.",negative
"Public education should be funded adequately to ensure equity and excellence.",negative
"Standardized testing perpetuates inequities by favoring students from privileged backgrounds.",negative
"Educational initiatives often prioritize short-term gains over long-term sustainability.",positive
"Teacher training programs should focus more on practical classroom strategies.",positive
"Parental involvement is crucial for student success and academic achievement.",positive
"Project-based learning encourages collaboration and problem-solving skills.",positive
"Education should emphasize global citizenship and cultural awareness.",positive
"Standardized tests create unnecessary stress and anxiety for students.",negative
"Educational policies should be responsive to the needs and aspirations of diverse communities.",negative
"Charter schools drain resources from public education and exacerbate segregation.",negative
"Educational inequities persist despite efforts to bridge the gap.",negative
"Online education offers flexibility but lacks the social interaction of traditional classrooms.",negative
"Teacher evaluation systems should incorporate multiple measures of effectiveness.",negative
